{
	"info": {
		"_postman_id": "c373889d-4a26-457d-9f7a-d73995810e3a",
		"name": "DevSuTestBack",
		"schema": "https://schema.getpostman.com/json/collection/v2.1.0/collection.json"
	},
	"item": [
		{
			"name": "clients",
			"item": [
				{
					"name": "getAllClients",
					"request": {
						"method": "GET",
						"header": [
							{
								"key": "Accept",
								"value": "*/*"
							},
							{
								"key": "Accept-Encoding",
								"value": "gzip, deflate, br"
							},
							{
								"key": "Connection",
								"value": "keep-alive"
							},
							{
								"key": "User-Agent",
								"value": "EchoapiRuntime/1.1.0"
							}
						],
						"url": {
							"raw": "http://localhost:8001/api/clients",
							"protocol": "http",
							"host": [
								"localhost"
							],
							"port": "8001",
							"path": [
								"api",
								"clients"
							]
						}
					},
					"response": []
				},
				{
					"name": "getclientById",
					"request": {
						"method": "GET",
						"header": [
							{
								"key": "Accept",
								"value": "*/*"
							},
							{
								"key": "Accept-Encoding",
								"value": "gzip, deflate, br"
							},
							{
								"key": "Connection",
								"value": "keep-alive"
							},
							{
								"key": "User-Agent",
								"value": "EchoapiRuntime/1.1.0"
							}
						],
						"url": {
							"raw": "http://localhost:8001/api/clients/:id",
							"protocol": "http",
							"host": [
								"localhost"
							],
							"port": "8001",
							"path": [
								"api",
								"clients",
								":id"
							],
							"query": [
								{
									"key": "",
									"value": null,
									"disabled": true
								}
							],
							"variable": [
								{
									"key": "id",
									"value": "1"
								}
							]
						}
					},
					"response": []
				},
				{
					"name": "createClient",
					"request": {
						"method": "POST",
						"header": [
							{
								"key": "Accept",
								"value": "*/*"
							},
							{
								"key": "Accept-Encoding",
								"value": "gzip, deflate, br"
							},
							{
								"key": "Connection",
								"value": "keep-alive"
							},
							{
								"key": "Content-Type",
								"value": "application/json"
							},
							{
								"key": "User-Agent",
								"value": "EchoapiRuntime/1.1.0"
							}
						],
						"body": {
							"mode": "raw",
							"raw": "{\n    \"dni\": \"0102001470\",\n    \"name\": \"Juan Perez\",\n    \"password\": \"secreto123\",\n    \"gender\": \"M\",\n    \"age\": 33,\n    \"address\": \"Dir Street1\",\n    \"phone\": \"0986543627\",\n    \"isActive\": true\n}"
						},
						"url": {
							"raw": "http://localhost:8001/api/clients",
							"protocol": "http",
							"host": [
								"localhost"
							],
							"port": "8001",
							"path": [
								"api",
								"clients"
							]
						}
					},
					"response": []
				},
				{
					"name": "updateAllClientFields",
					"request": {
						"method": "PUT",
						"header": [
							{
								"key": "Accept",
								"value": "*/*"
							},
							{
								"key": "Accept-Encoding",
								"value": "gzip, deflate, br"
							},
							{
								"key": "Connection",
								"value": "keep-alive"
							},
							{
								"key": "Content-Type",
								"value": "application/json"
							},
							{
								"key": "User-Agent",
								"value": "EchoapiRuntime/1.1.0"
							}
						],
						"body": {
							"mode": "raw",
							"raw": "{\n    \"dni\": \"0102001400\",\n    \"name\": \"Juan Perez\",\n    \"password\": \"secreto123\",\n    \"gender\": \"M\",\n    \"age\": 33,\n    \"address\": \"Dir Street\",\n    \"phone\": \"0986543627\",\n    \"isActive\": true\n}"
						},
						"url": {
							"raw": "http://localhost:8001/api/clients/:id",
							"protocol": "http",
							"host": [
								"localhost"
							],
							"port": "8001",
							"path": [
								"api",
								"clients",
								":id"
							],
							"variable": [
								{
									"key": "id",
									"value": "1"
								}
							]
						}
					},
					"response": []
				},
				{
					"name": "updatePartialClientFields",
					"request": {
						"method": "PATCH",
						"header": [
							{
								"key": "Accept",
								"value": "*/*"
							},
							{
								"key": "Accept-Encoding",
								"value": "gzip, deflate, br"
							},
							{
								"key": "Connection",
								"value": "keep-alive"
							},
							{
								"key": "Content-Type",
								"value": "application/json"
							},
							{
								"key": "User-Agent",
								"value": "EchoapiRuntime/1.1.0"
							}
						],
						"body": {
							"mode": "raw",
							"raw": "{\n    \"active\": true\n}"
						},
						"url": {
							"raw": "http://localhost:8001/api/clients/1",
							"protocol": "http",
							"host": [
								"localhost"
							],
							"port": "8001",
							"path": [
								"api",
								"clients",
								"1"
							]
						}
					},
					"response": []
				},
				{
					"name": "deleteClientById",
					"request": {
						"method": "DELETE",
						"header": [
							{
								"key": "Accept",
								"value": "*/*"
							},
							{
								"key": "Accept-Encoding",
								"value": "gzip, deflate, br"
							},
							{
								"key": "Connection",
								"value": "keep-alive"
							},
							{
								"key": "User-Agent",
								"value": "EchoapiRuntime/1.1.0"
							}
						],
						"url": {
							"raw": "http://localhost:8001/api/clients/1",
							"protocol": "http",
							"host": [
								"localhost"
							],
							"port": "8001",
							"path": [
								"api",
								"clients",
								"1"
							]
						}
					},
					"response": []
				}
			]
		},
		{
			"name": "account",
			"item": [
				{
					"name": "accounts",
					"item": [
						{
							"name": "getAllAcounts",
							"request": {
								"method": "GET",
								"header": [
									{
										"key": "Accept",
										"value": "*/*"
									},
									{
										"key": "Accept-Encoding",
										"value": "gzip, deflate, br"
									},
									{
										"key": "Connection",
										"value": "keep-alive"
									},
									{
										"key": "User-Agent",
										"value": "EchoapiRuntime/1.1.0"
									}
								],
								"url": {
									"raw": "http://localhost:8000/api/accounts",
									"protocol": "http",
									"host": [
										"localhost"
									],
									"port": "8000",
									"path": [
										"api",
										"accounts"
									]
								}
							},
							"response": []
						},
						{
							"name": "getAccountById",
							"request": {
								"method": "GET",
								"header": [
									{
										"key": "Accept",
										"value": "*/*"
									},
									{
										"key": "Accept-Encoding",
										"value": "gzip, deflate, br"
									},
									{
										"key": "Connection",
										"value": "keep-alive"
									},
									{
										"key": "User-Agent",
										"value": "EchoapiRuntime/1.1.0"
									}
								],
								"url": {
									"raw": "http://localhost:8000/api/accounts/1",
									"protocol": "http",
									"host": [
										"localhost"
									],
									"port": "8000",
									"path": [
										"api",
										"accounts",
										"1"
									]
								}
							},
							"response": []
						},
						{
							"name": "createAccount",
							"request": {
								"method": "POST",
								"header": [
									{
										"key": "Accept",
										"value": "*/*"
									},
									{
										"key": "Accept-Encoding",
										"value": "gzip, deflate, br"
									},
									{
										"key": "Connection",
										"value": "keep-alive"
									},
									{
										"key": "Content-Type",
										"value": "application/json"
									},
									{
										"key": "User-Agent",
										"value": "EchoapiRuntime/1.1.0"
									}
								],
								"body": {
									"mode": "raw",
									"raw": "{\n    \"number\": \"C0102\",\n    \"type\" : \"AHO\",\n    \"initialAmount\": 10.0,\n    \"isActive\": true,\n    \"clientId\":1\n}"
								},
								"url": {
									"raw": "http://localhost:8000/api/accounts",
									"protocol": "http",
									"host": [
										"localhost"
									],
									"port": "8000",
									"path": [
										"api",
										"accounts"
									]
								}
							},
							"response": []
						},
						{
							"name": "updateAllAccountFields",
							"request": {
								"method": "PUT",
								"header": [
									{
										"key": "Accept",
										"value": "*/*"
									},
									{
										"key": "Accept-Encoding",
										"value": "gzip, deflate, br"
									},
									{
										"key": "Connection",
										"value": "keep-alive"
									},
									{
										"key": "Content-Type",
										"value": "application/json"
									},
									{
										"key": "User-Agent",
										"value": "EchoapiRuntime/1.1.0"
									}
								],
								"body": {
									"mode": "raw",
									"raw": "{\n    \"number\": \"C0103\",\n    \"type\" : \"AHO\",\n    \"initialAmount\": 10.0,\n    \"isActive\": true,\n    \"clientId\":1\n}"
								},
								"url": {
									"raw": "http://localhost:8000/api/accounts/1",
									"protocol": "http",
									"host": [
										"localhost"
									],
									"port": "8000",
									"path": [
										"api",
										"accounts",
										"1"
									]
								}
							},
							"response": []
						},
						{
							"name": "updateNoAllAccountFields",
							"request": {
								"method": "PATCH",
								"header": [
									{
										"key": "Accept",
										"value": "*/*"
									},
									{
										"key": "Accept-Encoding",
										"value": "gzip, deflate, br"
									},
									{
										"key": "Connection",
										"value": "keep-alive"
									},
									{
										"key": "Content-Type",
										"value": "application/json"
									},
									{
										"key": "User-Agent",
										"value": "EchoapiRuntime/1.1.0"
									}
								],
								"body": {
									"mode": "raw",
									"raw": "{\n    \"active\": true\n}"
								},
								"url": {
									"raw": "http://localhost:8000/api/accounts/1",
									"protocol": "http",
									"host": [
										"localhost"
									],
									"port": "8000",
									"path": [
										"api",
										"accounts",
										"1"
									]
								}
							},
							"response": []
						},
						{
							"name": "deleteAccountById",
							"request": {
								"method": "DELETE",
								"header": [
									{
										"key": "Accept",
										"value": "*/*"
									},
									{
										"key": "Accept-Encoding",
										"value": "gzip, deflate, br"
									},
									{
										"key": "Connection",
										"value": "keep-alive"
									},
									{
										"key": "User-Agent",
										"value": "EchoapiRuntime/1.1.0"
									}
								],
								"url": {
									"raw": "http://localhost:8000/api/accounts/1",
									"protocol": "http",
									"host": [
										"localhost"
									],
									"port": "8000",
									"path": [
										"api",
										"accounts",
										"1"
									]
								}
							},
							"response": []
						}
					]
				},
				{
					"name": "transactions",
					"item": [
						{
							"name": "getAllTransactions",
							"request": {
								"method": "GET",
								"header": [
									{
										"key": "Accept",
										"value": "*/*"
									},
									{
										"key": "Accept-Encoding",
										"value": "gzip, deflate, br"
									},
									{
										"key": "Connection",
										"value": "keep-alive"
									},
									{
										"key": "User-Agent",
										"value": "EchoapiRuntime/1.1.0"
									}
								],
								"url": {
									"raw": "http://localhost:8000/api/transactions",
									"protocol": "http",
									"host": [
										"localhost"
									],
									"port": "8000",
									"path": [
										"api",
										"transactions"
									]
								}
							},
							"response": []
						},
						{
							"name": "getTransactionById",
							"request": {
								"method": "GET",
								"header": [
									{
										"key": "Accept",
										"value": "*/*"
									},
									{
										"key": "Accept-Encoding",
										"value": "gzip, deflate, br"
									},
									{
										"key": "Connection",
										"value": "keep-alive"
									},
									{
										"key": "User-Agent",
										"value": "EchoapiRuntime/1.1.0"
									}
								],
								"url": {
									"raw": "http://localhost:8000/api/transactions/1",
									"protocol": "http",
									"host": [
										"localhost"
									],
									"port": "8000",
									"path": [
										"api",
										"transactions",
										"1"
									]
								}
							},
							"response": []
						},
						{
							"name": "createTransaction",
							"request": {
								"method": "POST",
								"header": [
									{
										"key": "Accept",
										"value": "*/*"
									},
									{
										"key": "Accept-Encoding",
										"value": "gzip, deflate, br"
									},
									{
										"key": "Connection",
										"value": "keep-alive"
									},
									{
										"key": "Content-Type",
										"value": "application/json"
									},
									{
										"key": "User-Agent",
										"value": "EchoapiRuntime/1.1.0"
									}
								],
								"body": {
									"mode": "raw",
									"raw": "{\n    \"accountId\" : 1,\n    \"type\" : \"debit\",\n    \"amount\": \"3.54\"\n}"
								},
								"url": {
									"raw": "http://localhost:8000/api/transactions",
									"protocol": "http",
									"host": [
										"localhost"
									],
									"port": "8000",
									"path": [
										"api",
										"transactions"
									]
								}
							},
							"response": []
						},
						{
							"name": "getReport",
							"request": {
								"method": "GET",
								"header": [
									{
										"key": "Accept",
										"value": "*/*"
									},
									{
										"key": "Accept-Encoding",
										"value": "gzip, deflate, br"
									},
									{
										"key": "Connection",
										"value": "keep-alive"
									},
									{
										"key": "User-Agent",
										"value": "EchoapiRuntime/1.1.0"
									}
								],
								"url": {
									"raw": "http://localhost:8000/api/transactions/clients/1/report?dateTransactionStart=2025-01-01&dateTransactionEnd=2025-10-02",
									"protocol": "http",
									"host": [
										"localhost"
									],
									"port": "8000",
									"path": [
										"api",
										"transactions",
										"clients",
										"1",
										"report"
									],
									"query": [
										{
											"key": "dateTransactionStart",
											"value": "2025-01-01"
										},
										{
											"key": "dateTransactionEnd",
											"value": "2025-10-02"
										}
									]
								}
							},
							"response": []
						}
					]
				}
			]
		}
	]
}